n_interventions,pair_id,intervention_1,intervention_2,interventions,target,identifiable,runtime_seconds,estimand_length,estimand,error_message
2,1,hdfR,cytR,"hdfR, cytR",ppiA,False,5.518529176712036,,,"Cannot identify P{ppiA} | do{hdfR, cytR})). District frozenset({fis, ihfA, rcsA, cspA, bolA, lrhA, gadX, ompR, ihfB, csgD, rpoE, argR, fliA, slyA, mqsA, sdiA, rpoH, cra, glnG, torR, rstA, rpoS, rcsB, gadW, rpoD, rutR, hns, nac, bglJ, lrp, sutR, evgA, ydiP, rpsA, lexA, flhD, yjjQ, adiY, matA, rpoN, flhC, soxR, dnaA, stpA, leuO, gadE, deaD, oxyR, lldR, fliZ, csrA, qseB, fnr, argP, fur, soxS, phoP, ydeO, dksA, crp, acrR, arcA, zraR, mlrA, phoB, cpxR}) failed identification."
2,2,rpoH,phoB,"rpoH, phoB",torA,False,8.097435712814331,,,"Cannot identify P{torA} | do{rpoH, phoB})). District frozenset({flhD, ihfA, fis, rcsA, cspA, yjjQ, bolA, lrhA, gadX, matA, ompR, ihfB, adiY, rpoN, csgD, rpoE, argR, flhC, soxR, fliA, slyA, mqsA, sdiA, stpA, leuO, gadE, deaD, oxyR, lldR, fliZ, glnG, torR, rstA, csrA, rpoS, qseB, fnr, rcsB, gadW, rpoD, rutR, fur, soxS, nac, hns, lrp, bglJ, ydeO, dksA, sutR, arcA, crp, acrR, zraR, evgA, mlrA, ydiP, rpsA, hdfR, lexA, cpxR}) failed identification."
2,3,alpA,rstA,"alpA, rstA",ydfZ,False,11.679128885269165,,,"Cannot identify P{ydfZ} | do{alpA, rstA})). District frozenset({ihfA, fis, rcsA, cspA, bolA, lrhA, gadX, ompR, ihfB, csgD, rpoE, argR, fliA, slyA, mqsA, sdiA, rpoH, cra, glnG, torR, rpoS, rcsB, gadW, rpoD, rutR, nac, hns, lrp, bglJ, sutR, evgA, ydiP, rpsA, lexA, flhD, cytR, yjjQ, adiY, matA, rpoN, flhC, soxR, dnaA, stpA, leuO, gadE, deaD, oxyR, lldR, fliZ, csrA, qseB, fnr, argP, fur, soxS, phoP, ydeO, dksA, arcA, crp, acrR, zraR, mlrA, phoB, hdfR, cpxR}) failed identification."
2,4,cytR,ydiP,"cytR, ydiP",cysB,False,32.73928236961365,,,"Cannot identify P{cysB} | do{cytR, ydiP})). District frozenset({fis, ihfA, rcsA, cspA, bolA, lrhA, gadX, ompR, ihfB, csgD, rpoE, argR, fliA, slyA, mqsA, sdiA, rpoH, cra, glnG, torR, rstA, rpoS, rcsB, gadW, rpoD, rutR, hns, nac, bglJ, lrp, sutR, evgA, rpsA, lexA, flhD, yjjQ, adiY, matA, rpoN, flhC, soxR, dnaA, stpA, leuO, gadE, deaD, oxyR, lldR, fliZ, csrA, qseB, fnr, argP, fur, soxS, phoP, ydeO, dksA, crp, acrR, arcA, zraR, mlrA, phoB, hdfR, cpxR}) failed identification."
2,5,rcsA,ptrR,"rcsA, ptrR",uidC,False,33.83109426498413,,,"Cannot identify P{uidC} | do{rcsA, ptrR})). District frozenset({ihfA, fis, cspA, bolA, lrhA, gadX, ompR, ihfB, csgD, rpoE, argR, fliA, slyA, mqsA, sdiA, rpoH, cra, glnG, torR, rstA, rpoS, rcsB, gadW, rpoD, rutR, nac, hns, lrp, bglJ, sutR, evgA, ydiP, rpsA, lexA, flhD, cytR, yjjQ, adiY, matA, rpoN, flhC, soxR, dnaA, stpA, leuO, gadE, deaD, oxyR, lldR, fliZ, csrA, qseB, fnr, argP, fur, soxS, phoP, ydeO, dksA, arcA, crp, acrR, zraR, mlrA, phoB, hdfR, cpxR}) failed identification."
2,6,rpoN,rcsB,"rpoN, rcsB",cbrC,False,36.09277081489563,,,"Cannot identify P{cbrC} | do{rcsB, rpoN})). District frozenset({ihfA, fis, rcsA, cspA, bolA, lrhA, gadX, ompR, ihfB, csgD, rpoE, argR, fliA, slyA, mqsA, sdiA, rpoH, cra, glnG, torR, rstA, rpoS, gadW, rpoD, rutR, nac, hns, lrp, bglJ, sutR, evgA, ydiP, rpsA, lexA, flhD, cytR, yjjQ, adiY, matA, flhC, soxR, dnaA, stpA, leuO, gadE, deaD, oxyR, lldR, fliZ, csrA, qseB, fnr, argP, fur, soxS, phoP, ydeO, dksA, arcA, crp, acrR, zraR, mlrA, phoB, hdfR, cpxR}) failed identification."
2,7,fliZ,cpxR,"fliZ, cpxR",narJ,False,22.44154977798462,,,"Cannot identify P{narJ} | do{cpxR, fliZ})). District frozenset({rstA}) failed identification."
2,8,btsR,evgA,"btsR, evgA",fecR,False,23.148709297180176,,,"Cannot identify P{fecR} | do{btsR, evgA})). District frozenset({fis, ihfA, rcsA, cspA, bolA, lrhA, gadX, ompR, ihfB, csgD, rpoE, argR, fliA, slyA, mqsA, sdiA, rpoH, cra, glnG, torR, rstA, rpoS, rcsB, gadW, rpoD, rutR, hns, nac, bglJ, lrp, sutR, ydiP, rpsA, lexA, flhD, cytR, yjjQ, adiY, matA, rpoN, flhC, soxR, dnaA, stpA, leuO, gadE, deaD, oxyR, lldR, fliZ, csrA, qseB, fnr, argP, fur, soxS, phoP, ydeO, dksA, crp, acrR, arcA, zraR, mlrA, phoB, hdfR, cpxR}) failed identification."
2,9,nsrR,rpoN,"nsrR, rpoN",ybcW,False,28.03614592552185,,,"Cannot identify P{ybcW} | do{nsrR, rpoN})). District frozenset({ihfA, fis, rcsA, cspA, bolA, lrhA, gadX, ompR, ihfB, csgD, rpoE, argR, fliA, slyA, mqsA, sdiA, rpoH, cra, glnG, torR, rstA, rpoS, rcsB, gadW, rpoD, rutR, nac, hns, lrp, bglJ, sutR, evgA, ydiP, rpsA, lexA, flhD, cytR, yjjQ, adiY, matA, flhC, soxR, dnaA, stpA, leuO, gadE, deaD, oxyR, lldR, fliZ, csrA, qseB, fnr, argP, fur, soxS, phoP, ydeO, dksA, arcA, crp, acrR, zraR, mlrA, phoB, hdfR, cpxR}) failed identification."
2,10,rpoS,fhlA,"rpoS, fhlA",hycI,False,5.981402635574341,,,"Cannot identify P{hycI} | do{rpoS, fhlA})). District frozenset({ihfA, fis, rcsA, cspA, lrhA, bolA, gadX, ompR, ihfB, csgD, rpoE, argR, fliA, slyA, mqsA, sdiA, rpoH, cra, glnG, torR, rstA, rcsB, gadW, rpoD, rutR, nac, hns, lrp, bglJ, sutR, evgA, ydiP, rpsA, lexA, flhD, cytR, yjjQ, adiY, matA, rpoN, flhC, soxR, dnaA, stpA, leuO, gadE, deaD, oxyR, lldR, fliZ, csrA, qseB, fnr, argP, fur, soxS, phoP, ydeO, dksA, arcA, crp, acrR, zraR, mlrA, phoB, hdfR, cpxR}) failed identification."
2,11,btsR,phoB,"btsR, phoB",yjiN,False,13.873867750167847,,,"Cannot identify P{yjiN} | do{btsR, phoB})). District frozenset({argP}) failed identification."
2,12,cytR,fnr,"cytR, fnr",speC,False,28.506926774978638,,,"Cannot identify P{speC} | do{cytR, fnr})). District frozenset({fis, ihfA, rcsA, cspA, bolA, lrhA, gadX, ompR, ihfB, csgD, rpoE, argR, fliA, slyA, mqsA, sdiA, rpoH, cra, glnG, torR, rstA, rpoS, rcsB, gadW, rpoD, rutR, hns, nac, bglJ, lrp, sutR, evgA, ydiP, rpsA, lexA, flhD, yjjQ, adiY, matA, rpoN, flhC, soxR, dnaA, stpA, leuO, gadE, deaD, oxyR, lldR, fliZ, csrA, qseB, argP, fur, soxS, phoP, ydeO, dksA, crp, acrR, arcA, zraR, mlrA, phoB, hdfR, cpxR}) failed identification."
2,13,flhC,csgD,"flhC, csgD",allE,False,23.64297389984131,,,"Cannot identify P{allE} | do{csgD, flhC})). District frozenset({flhD, argP, ihfA, fis, rcsA, cytR, cspA, yjjQ, lrhA, gadX, matA, ompR, ihfB, adiY, rpoN, rpoE, argR, soxR, dnaA, fliA, slyA, mqsA, sdiA, rpoH, stpA, leuO, gadE, deaD, oxyR, cra, lldR, fliZ, glnG, torR, csrA, rpoS, qseB, fnr, rcsB, gadW, rpoD, rutR, fur, soxS, phoP, nac, hns, lrp, bglJ, ydeO, dksA, sutR, arcA, crp, acrR, zraR, evgA, ydiP, phoB, rpsA, hdfR, lexA, cpxR}) failed identification."
2,14,nac,ydiP,"nac, ydiP",glnS,False,4.85131573677063,,,"Cannot identify P{glnS} | do{nac, ydiP})). District frozenset({ihfA, fis, rcsA, cspA, bolA, lrhA, gadX, ompR, ihfB, csgD, rpoE, argR, fliA, slyA, mqsA, sdiA, rpoH, cra, glnG, torR, rstA, rpoS, rcsB, gadW, rpoD, rutR, hns, lrp, bglJ, sutR, evgA, rpsA, lexA, flhD, cytR, yjjQ, adiY, matA, rpoN, flhC, soxR, dnaA, stpA, leuO, gadE, deaD, oxyR, lldR, fliZ, csrA, qseB, fnr, argP, fur, soxS, phoP, ydeO, dksA, arcA, crp, acrR, zraR, mlrA, phoB, hdfR, cpxR}) failed identification."
2,15,ydeO,evgA,"ydeO, evgA",osmF,False,30.638190984725952,,,"Cannot identify P{osmF} | do{ydeO, evgA})). District frozenset({ihfA, fis, rcsA, cspA, bolA, lrhA, gadX, ompR, ihfB, csgD, rpoE, argR, fliA, slyA, mqsA, sdiA, rpoH, cra, glnG, torR, rstA, rpoS, rcsB, gadW, rpoD, rutR, nac, hns, lrp, bglJ, sutR, ydiP, rpsA, lexA, flhD, cytR, yjjQ, adiY, matA, rpoN, flhC, soxR, dnaA, stpA, leuO, gadE, deaD, oxyR, lldR, fliZ, csrA, qseB, fnr, argP, fur, soxS, phoP, dksA, arcA, crp, acrR, zraR, mlrA, phoB, hdfR, cpxR}) failed identification."
2,16,lexA,phoB,"lexA, phoB",frdA,False,18.68188214302063,,,"Cannot identify P{frdA} | do{lexA, phoB})). District frozenset({argP}) failed identification."
2,17,rcsB,argP,"rcsB, argP",gltX,False,30.189473152160645,,,"Cannot identify P{gltX} | do{argP, rcsB})). District frozenset({fis, ihfA, rcsA, cspA, bolA, lrhA, gadX, ompR, ihfB, csgD, rpoE, argR, fliA, slyA, mqsA, sdiA, rpoH, cra, glnG, torR, rstA, rpoS, gadW, rpoD, rutR, hns, nac, bglJ, lrp, sutR, evgA, ydiP, rpsA, lexA, flhD, cytR, yjjQ, adiY, matA, rpoN, flhC, soxR, dnaA, stpA, leuO, gadE, deaD, oxyR, lldR, fliZ, csrA, qseB, fnr, fur, soxS, phoP, ydeO, dksA, crp, acrR, arcA, zraR, mlrA, phoB, hdfR, cpxR}) failed identification."
2,18,ptrR,glrR,"ptrR, glrR",ybeD,True,50.04057574272156,23406.0,"Sum[acrR, adiY, alpA, arcA, argP, argR, basR, bglJ, bolA, btsR, cpxR, cra, crp, csgD, cspA, csrA, cytR, deaD, dksA, dnaA, evgA, fis, flhC, flhD, fliA, fliZ, fnr, fur, gadE, gadW, gadX, glaR, glnG, hdfR, hns, ihfA, ihfB, leuO, lexA, lldR, lrhA, lrp, matA, mlrA, mqsA, nac, nsrR, ompR, oxyR, phoB, phoP, qseB, rcdA, rcsA, rcsB, rpoD, rpoE, rpoH, rpoN, rpoS, rpsA, rstA, rutR, sdiA, slyA, soxR, soxS, stpA, sutR, torR, ydeO, ydiP, yjjQ, zraR]((P(abgA, abgR, abpA, acnB, acpS, acrE, acrF, acrR, ada, adeP",
2,19,argP,torR,"argP, torR",allE,False,53.18362617492676,,,"Cannot identify P{allE} | do{torR, argP})). District frozenset({ihfA, fis, rcsA, cspA, bolA, lrhA, gadX, ompR, ihfB, csgD, rpoE, argR, fliA, slyA, mqsA, sdiA, rpoH, cra, glnG, rstA, rpoS, rcsB, gadW, rpoD, rutR, nac, hns, lrp, bglJ, sutR, evgA, ydiP, rpsA, lexA, flhD, cytR, yjjQ, adiY, matA, rpoN, flhC, soxR, dnaA, stpA, leuO, gadE, deaD, oxyR, lldR, fliZ, csrA, qseB, fnr, fur, soxS, phoP, ydeO, dksA, arcA, crp, acrR, zraR, mlrA, phoB, hdfR, cpxR}) failed identification."
2,20,soxR,glnG,"soxR, glnG",ydiL,False,30.07547402381897,,,"Cannot identify P{ydiL} | do{soxR, glnG})). District frozenset({ihfA, fis, rcsA, cspA, bolA, lrhA, gadX, ompR, ihfB, csgD, rpoE, argR, fliA, slyA, mqsA, sdiA, rpoH, cra, torR, rstA, rpoS, rcsB, gadW, rpoD, rutR, nac, hns, lrp, bglJ, sutR, evgA, ydiP, rpsA, lexA, flhD, cytR, yjjQ, adiY, matA, rpoN, flhC, dnaA, stpA, leuO, gadE, deaD, oxyR, lldR, fliZ, csrA, qseB, fnr, argP, fur, soxS, phoP, ydeO, dksA, arcA, crp, acrR, zraR, mlrA, phoB, hdfR, cpxR}) failed identification."
2,21,lrhA,evgA,"lrhA, evgA",moeB,False,32.756957054138184,,,"Cannot identify P{moeB} | do{evgA, lrhA})). District frozenset({ihfA, fis, rcsA, cspA, bolA, gadX, ompR, ihfB, csgD, rpoE, argR, fliA, slyA, mqsA, sdiA, rpoH, cra, glnG, torR, rstA, rpoS, rcsB, gadW, rpoD, rutR, nac, hns, lrp, bglJ, sutR, ydiP, rpsA, lexA, flhD, cytR, yjjQ, adiY, matA, rpoN, flhC, soxR, dnaA, stpA, leuO, gadE, deaD, oxyR, lldR, fliZ, csrA, qseB, fnr, argP, fur, soxS, phoP, ydeO, dksA, arcA, crp, acrR, zraR, mlrA, phoB, hdfR, cpxR}) failed identification."
2,22,cspA,stpA,"cspA, stpA",xylE,False,25.9176344871521,,,"Cannot identify P{xylE} | do{stpA, cspA})). District frozenset({fis, ihfA, rcsA, bolA, lrhA, gadX, ompR, ihfB, csgD, rpoE, argR, fliA, slyA, mqsA, sdiA, rpoH, cra, glnG, torR, rstA, rpoS, rcsB, gadW, rpoD, rutR, hns, nac, bglJ, lrp, sutR, evgA, rpsA, lexA, flhD, cytR, yjjQ, adiY, matA, rpoN, flhC, soxR, dnaA, leuO, gadE, deaD, oxyR, lldR, fliZ, csrA, qseB, fnr, argP, fur, soxS, phoP, ydeO, dksA, crp, acrR, arcA, zraR, mlrA, phoB, hdfR, cpxR}) failed identification."
2,23,slyA,csrA,"slyA, csrA",nadE,False,61.465662717819214,,,"Cannot identify P{nadE} | do{slyA, csrA})). District frozenset({ihfA, fis, rcsA, cspA, bolA, lrhA, gadX, ompR, ihfB, csgD, rpoE, argR, fliA, mqsA, sdiA, rpoH, cra, glnG, torR, rstA, rpoS, rcsB, gadW, rpoD, rutR, nac, hns, lrp, bglJ, sutR, evgA, ydiP, rpsA, lexA, flhD, cytR, yjjQ, adiY, matA, rpoN, flhC, soxR, dnaA, stpA, leuO, gadE, deaD, oxyR, lldR, fliZ, qseB, fnr, argP, fur, soxS, phoP, ydeO, dksA, arcA, crp, acrR, zraR, mlrA, phoB, hdfR, cpxR}) failed identification."
2,24,cytR,basR,"cytR, basR",pitB,False,35.93387579917908,,,"Cannot identify P{pitB} | do{cytR, basR})). District frozenset({ihfA, fis, rcsA, cspA, bolA, lrhA, gadX, ompR, ihfB, csgD, rpoE, argR, fliA, slyA, mqsA, sdiA, rpoH, cra, glnG, torR, rstA, rpoS, rcsB, gadW, rpoD, rutR, nac, hns, lrp, bglJ, sutR, evgA, ydiP, rpsA, lexA, flhD, yjjQ, adiY, matA, rpoN, flhC, soxR, dnaA, stpA, leuO, gadE, deaD, oxyR, lldR, fliZ, csrA, qseB, fnr, argP, fur, soxS, phoP, ydeO, dksA, arcA, crp, acrR, zraR, mlrA, phoB, hdfR, cpxR}) failed identification."
2,25,ydeO,phoB,"ydeO, phoB",xylE,False,17.035053968429565,,,"Cannot identify P{xylE} | do{ydeO, phoB})). District frozenset({fis, ihfA, rcsA, cspA, bolA, lrhA, gadX, ompR, ihfB, csgD, rpoE, argR, fliA, slyA, mqsA, sdiA, rpoH, cra, glnG, torR, rstA, rpoS, rcsB, gadW, rpoD, rutR, hns, nac, bglJ, lrp, sutR, evgA, ydiP, rpsA, lexA, flhD, cytR, yjjQ, adiY, matA, rpoN, flhC, soxR, dnaA, stpA, leuO, gadE, deaD, oxyR, lldR, fliZ, csrA, qseB, fnr, fur, soxS, phoP, dksA, crp, acrR, arcA, zraR, mlrA, hdfR, cpxR}) failed identification."
2,26,lldR,btsR,"lldR, btsR",patD,False,22.09962224960327,,,"Cannot identify P{patD} | do{btsR, lldR})). District frozenset({fis, ihfA, rcsA, cspA, bolA, lrhA, gadX, ompR, ihfB, csgD, rpoE, argR, fliA, slyA, mqsA, sdiA, rpoH, cra, glnG, torR, rstA, rpoS, rcsB, gadW, rpoD, rutR, hns, nac, bglJ, lrp, sutR, evgA, ydiP, rpsA, lexA, flhD, cytR, yjjQ, adiY, matA, rpoN, flhC, soxR, dnaA, stpA, leuO, gadE, deaD, oxyR, fliZ, csrA, qseB, fnr, argP, fur, soxS, phoP, ydeO, dksA, crp, acrR, arcA, zraR, mlrA, phoB, hdfR, cpxR}) failed identification."
2,27,rpsA,hdfR,"rpsA, hdfR",fixA,False,52.29065752029419,,,"Cannot identify P{fixA} | do{rpsA, hdfR})). District frozenset({ihfA, fis, rcsA, cspA, bolA, lrhA, gadX, ompR, ihfB, csgD, rpoE, argR, fliA, slyA, mqsA, sdiA, rpoH, cra, glnG, torR, rstA, rpoS, rcsB, gadW, rpoD, rutR, nac, hns, lrp, bglJ, sutR, evgA, ydiP, lexA, flhD, cytR, yjjQ, adiY, matA, rpoN, flhC, soxR, dnaA, stpA, leuO, gadE, deaD, oxyR, lldR, fliZ, csrA, qseB, fnr, argP, fur, soxS, phoP, ydeO, dksA, arcA, crp, acrR, zraR, mlrA, phoB, cpxR}) failed identification."
2,28,dnaA,cpxR,"dnaA, cpxR",argA,False,38.522199392318726,,,"Cannot identify P{argA} | do{dnaA, cpxR})). District frozenset({fis, ihfA, rcsA, cspA, bolA, lrhA, gadX, ompR, ihfB, csgD, rpoE, argR, fliA, slyA, mqsA, sdiA, rpoH, cra, glnG, torR, rstA, rpoS, rcsB, gadW, rpoD, rutR, hns, nac, bglJ, lrp, sutR, evgA, ydiP, rpsA, lexA, flhD, cytR, yjjQ, adiY, matA, rpoN, flhC, soxR, stpA, leuO, gadE, deaD, oxyR, lldR, fliZ, csrA, qseB, fnr, fur, soxS, phoP, ydeO, dksA, crp, acrR, arcA, zraR, mlrA, phoB, hdfR}) failed identification."
2,29,lrp,acrR,"lrp, acrR",gltB,False,19.01414704322815,,,"Cannot identify P{gltB} | do{lrp, acrR})). District frozenset({ihfA, fis, rcsA, cspA, bolA, gadX, ompR, ihfB, csgD, rpoE, argR, fliA, mqsA, sdiA, rpoH, cra, glnG, torR, rstA, rpoS, rcsB, gadW, rpoD, rutR, nac, hns, bglJ, sutR, evgA, ydiP, rpsA, lexA, flhD, cytR, yjjQ, adiY, matA, rpoN, flhC, soxR, dnaA, stpA, leuO, gadE, deaD, oxyR, lldR, fliZ, csrA, qseB, fnr, argP, fur, soxS, phoP, ydeO, dksA, arcA, crp, zraR, mlrA, phoB, hdfR, cpxR}) failed identification."
2,30,ihfB,matA,"ihfB, matA",yfdN,False,37.06403565406799,,,"Cannot identify P{yfdN} | do{matA, ihfB})). District frozenset({ihfA, fis, rcsA, cspA, bolA, lrhA, gadX, ompR, csgD, rpoE, argR, fliA, slyA, mqsA, sdiA, rpoH, cra, glnG, torR, rstA, rpoS, rcsB, gadW, rpoD, rutR, nac, hns, lrp, bglJ, sutR, evgA, ydiP, rpsA, lexA, flhD, cytR, yjjQ, adiY, rpoN, flhC, soxR, dnaA, stpA, leuO, gadE, deaD, oxyR, lldR, fliZ, csrA, qseB, fnr, argP, fur, soxS, phoP, ydeO, dksA, arcA, crp, acrR, zraR, mlrA, phoB, hdfR, cpxR}) failed identification."
2,31,slyA,ydiP,"slyA, ydiP",umuD,False,38.716936349868774,,,"Cannot identify P{umuD} | do{slyA, ydiP})). District frozenset({ihfA, fis, rcsA, cspA, bolA, lrhA, gadX, ompR, ihfB, csgD, rpoE, argR, fliA, mqsA, sdiA, rpoH, cra, glnG, torR, rstA, rpoS, rcsB, gadW, rpoD, rutR, nac, hns, lrp, bglJ, sutR, evgA, rpsA, lexA, flhD, cytR, yjjQ, adiY, matA, rpoN, flhC, soxR, dnaA, stpA, leuO, gadE, deaD, oxyR, lldR, fliZ, csrA, qseB, fnr, argP, fur, soxS, phoP, ydeO, dksA, arcA, crp, acrR, zraR, mlrA, phoB, hdfR, cpxR}) failed identification."
2,32,ydiP,nsrR,"ydiP, nsrR",sgrT,False,46.4855523109436,,,"Cannot identify P{sgrT} | do{ydiP, nsrR})). District frozenset({fis, ihfA, rcsA, cspA, bolA, lrhA, gadX, ompR, ihfB, csgD, rpoE, argR, fliA, slyA, mqsA, sdiA, rpoH, cra, glnG, torR, rstA, rpoS, rcsB, gadW, rpoD, rutR, hns, nac, bglJ, lrp, sutR, evgA, rpsA, lexA, flhD, cytR, yjjQ, adiY, matA, rpoN, flhC, soxR, dnaA, stpA, leuO, gadE, deaD, oxyR, lldR, fliZ, csrA, qseB, fnr, argP, fur, soxS, phoP, ydeO, dksA, crp, acrR, arcA, zraR, mlrA, phoB, hdfR, cpxR}) failed identification."
2,33,rcsB,mlrA,"rcsB, mlrA",melA,False,32.08922243118286,,,"Cannot identify P{melA} | do{mlrA, rcsB})). District frozenset({fis, ihfA, rcsA, cspA, bolA, lrhA, gadX, ompR, ihfB, csgD, rpoE, argR, fliA, slyA, mqsA, sdiA, rpoH, cra, glnG, torR, rstA, rpoS, gadW, rpoD, rutR, hns, nac, bglJ, lrp, sutR, evgA, ydiP, rpsA, lexA, flhD, cytR, yjjQ, adiY, matA, rpoN, flhC, soxR, dnaA, stpA, leuO, gadE, deaD, oxyR, lldR, fliZ, csrA, qseB, fnr, argP, fur, soxS, phoP, ydeO, dksA, crp, acrR, arcA, zraR, phoB, hdfR, cpxR}) failed identification."
2,34,ompR,argR,"ompR, argR",dcp,False,25.866931438446045,,,"Cannot identify P{dcp} | do{ompR, argR})). District frozenset({ihfA, fis, rcsA, cspA, bolA, lrhA, gadX, ihfB, csgD, rpoE, fliA, slyA, mqsA, sdiA, rpoH, cra, glnG, torR, rstA, rpoS, rcsB, gadW, rpoD, rutR, nac, hns, lrp, bglJ, sutR, evgA, ydiP, rpsA, lexA, flhD, cytR, yjjQ, adiY, matA, rpoN, flhC, soxR, dnaA, stpA, leuO, gadE, deaD, oxyR, lldR, fliZ, csrA, qseB, fnr, argP, fur, soxS, phoP, ydeO, dksA, arcA, crp, acrR, zraR, mlrA, phoB, hdfR, cpxR}) failed identification."
2,35,acrR,phoB,"acrR, phoB",modB,False,20.280434608459473,,,"Cannot identify P{modB} | do{acrR, phoB})). District frozenset({argP}) failed identification."
2,36,cspA,ompR,"cspA, ompR",yhdN,False,32.031052350997925,,,"Cannot identify P{yhdN} | do{ompR, cspA})). District frozenset({ihfA, fis, rcsA, bolA, lrhA, gadX, ihfB, csgD, rpoE, argR, fliA, slyA, mqsA, sdiA, rpoH, cra, glnG, torR, rstA, rpoS, rcsB, gadW, rpoD, rutR, nac, hns, lrp, bglJ, sutR, evgA, rpsA, lexA, flhD, cytR, yjjQ, adiY, matA, rpoN, flhC, soxR, dnaA, stpA, leuO, gadE, deaD, oxyR, lldR, fliZ, csrA, qseB, fnr, argP, fur, soxS, phoP, ydeO, dksA, arcA, crp, acrR, zraR, mlrA, phoB, hdfR, cpxR}) failed identification."
2,37,soxS,lrp,"soxS, lrp",trxA,False,18.030725479125977,,,"Cannot identify P{trxA} | do{lrp, soxS})). District frozenset({flhD, hdfR, fis, ihfA, rcsA, cytR, cspA, yjjQ, bolA, gadX, adiY, ompR, ihfB, matA, rpoN, csgD, rpoE, argR, flhC, dnaA, fliA, mqsA, sdiA, rpoH, stpA, leuO, gadE, deaD, oxyR, cra, lldR, glnG, fliZ, torR, rstA, csrA, rpoS, qseB, fnr, rcsB, gadW, rpoD, rutR, fur, argP, phoP, hns, nac, bglJ, ydeO, dksA, sutR, crp, acrR, arcA, zraR, mlrA, evgA, phoB, rpsA, ydiP, lexA, cpxR}) failed identification."
2,38,evgA,mqsA,"evgA, mqsA",cusF,False,31.52740454673767,,,"Cannot identify P{cusF} | do{mqsA, evgA})). District frozenset({ihfA, fis, rcsA, cspA, bolA, lrhA, gadX, ompR, ihfB, csgD, rpoE, argR, fliA, slyA, sdiA, rpoH, cra, glnG, torR, rstA, rpoS, rcsB, gadW, rpoD, rutR, nac, hns, lrp, bglJ, sutR, ydiP, rpsA, lexA, flhD, cytR, yjjQ, adiY, matA, rpoN, flhC, soxR, dnaA, stpA, leuO, gadE, deaD, oxyR, lldR, fliZ, csrA, qseB, fnr, argP, fur, soxS, phoP, ydeO, dksA, arcA, crp, acrR, zraR, mlrA, phoB, hdfR, cpxR}) failed identification."
2,39,deaD,bglJ,"deaD, bglJ",uspG,False,35.066243171691895,,,"Cannot identify P{uspG} | do{bglJ, deaD})). District frozenset({ihfA, fis, rcsA, cspA, bolA, lrhA, gadX, ompR, ihfB, csgD, rpoE, argR, fliA, slyA, mqsA, sdiA, rpoH, cra, glnG, torR, rstA, rpoS, rcsB, gadW, rpoD, rutR, nac, hns, lrp, sutR, evgA, ydiP, rpsA, lexA, flhD, cytR, yjjQ, adiY, matA, rpoN, flhC, soxR, dnaA, stpA, leuO, gadE, oxyR, lldR, fliZ, csrA, qseB, fnr, argP, fur, soxS, phoP, ydeO, dksA, arcA, crp, acrR, zraR, mlrA, phoB, hdfR, cpxR}) failed identification."
2,40,lldR,cytR,"lldR, cytR",ydaT,False,19.314455270767212,,,"Cannot identify P{ydaT} | do{cytR, lldR})). District frozenset({ihfA, fis, rcsA, cspA, bolA, lrhA, gadX, ompR, ihfB, csgD, rpoE, argR, fliA, slyA, mqsA, sdiA, rpoH, cra, glnG, torR, rstA, rpoS, rcsB, gadW, rpoD, rutR, nac, hns, lrp, bglJ, sutR, evgA, ydiP, rpsA, lexA, flhD, yjjQ, adiY, matA, rpoN, flhC, soxR, dnaA, stpA, leuO, gadE, deaD, oxyR, fliZ, csrA, qseB, fnr, argP, fur, soxS, phoP, ydeO, dksA, arcA, crp, acrR, zraR, mlrA, phoB, hdfR, cpxR}) failed identification."
2,41,rpoE,sdiA,"rpoE, sdiA",yagB,False,15.907868146896362,,,"Cannot identify P{yagB} | do{sdiA, rpoE})). District frozenset({fis, ihfA, rcsA, cspA, bolA, lrhA, gadX, ompR, ihfB, csgD, argR, fliA, slyA, mqsA, rpoH, cra, glnG, torR, rstA, rpoS, rcsB, gadW, rpoD, rutR, hns, nac, bglJ, lrp, sutR, evgA, ydiP, rpsA, lexA, flhD, cytR, yjjQ, adiY, matA, rpoN, flhC, soxR, dnaA, stpA, leuO, gadE, oxyR, lldR, fliZ, qseB, fnr, argP, fur, soxS, phoP, ydeO, dksA, crp, acrR, arcA, zraR, mlrA, phoB, hdfR, cpxR}) failed identification."
2,42,rcdA,nsrR,"rcdA, nsrR",uof,True,30.05890393257141,6743.0,"Sum[acrR, adiY, alpA, arcA, argP, argR, basR, bglJ, bolA, btsR, cpxR, cra, crp, csgD, cspA, csrA, cytR, deaD, dksA, dnaA, evgA, fis, flhC, flhD, fliA, fliZ, fnr, fur, gadE, gadW, gadX, glaR, glnG, glrR, hdfR, hns, ihfA, ihfB, leuO, lexA, lldR, lrhA, lrp, matA, mlrA, mqsA, nac, ompR, oxyR, phoB, phoP, ptrR, qseB, rcsA, rcsB, rpoD, rpoE, rpoH, rpoN, rpoS, rpsA, rstA, rutR, sdiA, slyA, soxR, soxS, stpA, sutR, torR, ydeO, ydiP, yjjQ, zraR]((P(acrR, adeP, adiY, alpA, ameF, arcA, argP, argR, arnA, arn",
2,43,lldR,nsrR,"lldR, nsrR",fepC,False,15.595502376556396,,,"Cannot identify P{fepC} | do{nsrR, lldR})). District frozenset({fis, ihfA, rcsA, cspA, bolA, lrhA, gadX, ompR, ihfB, csgD, rpoE, argR, fliA, slyA, mqsA, sdiA, rpoH, cra, glnG, torR, rstA, rpoS, rcsB, gadW, rpoD, rutR, hns, nac, bglJ, lrp, sutR, evgA, ydiP, rpsA, lexA, flhD, cytR, yjjQ, adiY, matA, rpoN, flhC, soxR, dnaA, stpA, leuO, gadE, deaD, oxyR, fliZ, csrA, qseB, fnr, argP, fur, soxS, phoP, ydeO, dksA, crp, acrR, arcA, zraR, mlrA, phoB, hdfR, cpxR}) failed identification."
2,44,hdfR,torR,"hdfR, torR",melA,False,19.12829065322876,,,"Cannot identify P{melA} | do{hdfR, torR})). District frozenset({fis, ihfA, rcsA, cspA, bolA, lrhA, gadX, ompR, ihfB, csgD, rpoE, argR, fliA, slyA, mqsA, sdiA, rpoH, cra, glnG, rstA, rpoS, rcsB, gadW, rpoD, rutR, hns, nac, bglJ, lrp, sutR, evgA, ydiP, rpsA, lexA, flhD, cytR, yjjQ, adiY, matA, rpoN, flhC, soxR, dnaA, stpA, leuO, gadE, deaD, oxyR, lldR, fliZ, csrA, qseB, fnr, argP, fur, soxS, phoP, ydeO, dksA, crp, acrR, arcA, zraR, mlrA, phoB, cpxR}) failed identification."
2,45,dnaA,ompR,"dnaA, ompR",nadB,False,21.844390392303467,,,"Cannot identify P{nadB} | do{dnaA, ompR})). District frozenset({ihfA, fis, rcsA, cspA, bolA, lrhA, gadX, ihfB, csgD, rpoE, argR, fliA, slyA, mqsA, sdiA, rpoH, cra, glnG, torR, rstA, rpoS, rcsB, gadW, rpoD, rutR, nac, hns, lrp, bglJ, sutR, evgA, ydiP, rpsA, lexA, flhD, cytR, yjjQ, adiY, matA, rpoN, flhC, soxR, stpA, leuO, gadE, deaD, oxyR, lldR, fliZ, csrA, qseB, fnr, fur, soxS, phoP, ydeO, dksA, arcA, crp, acrR, zraR, mlrA, phoB, hdfR, cpxR}) failed identification."
2,46,rpsA,hdfR,"rpsA, hdfR",xapB,False,31.393474578857422,,,"Cannot identify P{xapB} | do{rpsA, hdfR})). District frozenset({fis, ihfA, rcsA, cspA, bolA, lrhA, gadX, ompR, ihfB, csgD, rpoE, argR, fliA, slyA, mqsA, sdiA, rpoH, cra, glnG, torR, rstA, rpoS, rcsB, gadW, rpoD, rutR, hns, nac, bglJ, lrp, sutR, evgA, ydiP, lexA, flhD, cytR, yjjQ, adiY, matA, rpoN, flhC, soxR, dnaA, stpA, leuO, gadE, deaD, oxyR, lldR, fliZ, csrA, qseB, fnr, argP, fur, soxS, phoP, ydeO, dksA, crp, acrR, arcA, zraR, mlrA, phoB, cpxR}) failed identification."
2,47,matA,phoP,"matA, phoP",emrA,False,35.83785700798035,,,"Cannot identify P{emrA} | do{matA, phoP})). District frozenset({ihfA, fis, rcsA, cspA, bolA, lrhA, gadX, ompR, ihfB, csgD, rpoE, argR, fliA, slyA, mqsA, sdiA, rpoH, cra, glnG, torR, rstA, rpoS, rcsB, gadW, rpoD, rutR, nac, hns, lrp, bglJ, sutR, evgA, ydiP, rpsA, lexA, flhD, cytR, yjjQ, adiY, rpoN, flhC, soxR, dnaA, stpA, leuO, gadE, deaD, oxyR, lldR, fliZ, csrA, qseB, fnr, argP, fur, soxS, ydeO, dksA, arcA, crp, acrR, zraR, mlrA, phoB, hdfR, cpxR}) failed identification."
2,48,yjjQ,stpA,"yjjQ, stpA",efeO,False,25.76172947883606,,,"Cannot identify P{efeO} | do{yjjQ, stpA})). District frozenset({flhD, hdfR, fis, ihfA, rcsA, cytR, cspA, bolA, lrhA, gadX, adiY, ompR, ihfB, matA, rpoN, csgD, rpoE, argR, flhC, soxR, dnaA, fliA, mqsA, sdiA, rpoH, gadE, deaD, oxyR, cra, lldR, glnG, fliZ, torR, rstA, csrA, rpoS, qseB, fnr, rcsB, gadW, rpoD, rutR, fur, soxS, argP, hns, nac, lrp, phoP, ydeO, dksA, sutR, crp, acrR, arcA, zraR, mlrA, evgA, phoB, rpsA, ydiP, lexA, cpxR}) failed identification."
2,49,cytR,basR,"cytR, basR",yeiW,False,31.629584312438965,,,"Cannot identify P{yeiW} | do{cytR, basR})). District frozenset({fis, ihfA, rcsA, cspA, bolA, lrhA, gadX, ompR, ihfB, csgD, rpoE, argR, fliA, slyA, mqsA, sdiA, rpoH, cra, glnG, torR, rstA, rpoS, rcsB, gadW, rpoD, rutR, hns, nac, bglJ, lrp, sutR, evgA, ydiP, rpsA, lexA, flhD, yjjQ, adiY, matA, rpoN, flhC, soxR, dnaA, stpA, leuO, gadE, deaD, oxyR, lldR, fliZ, csrA, qseB, fnr, argP, fur, soxS, phoP, ydeO, dksA, crp, acrR, arcA, zraR, mlrA, phoB, hdfR, cpxR}) failed identification."
2,50,gadE,mlrA,"gadE, mlrA",pheL,False,5.583444595336914,,,"Cannot identify P{pheL} | do{gadE, mlrA})). District frozenset({ihfA, fis, cytR, cspA, gadX, adiY, ompR, ihfB, rpoN, rpoE, argR, soxR, dnaA, mqsA, sdiA, rpoH, deaD, oxyR, cra, lldR, glnG, torR, csrA, rpoS, qseB, fnr, rcsB, gadW, rpoD, rutR, fur, soxS, phoP, nac, hns, lrp, argP, ydeO, dksA, arcA, crp, acrR, zraR, evgA, ydiP, phoB, rpsA, lexA, cpxR}) failed identification."
2,51,adiY,glaR,"adiY, glaR",yhjJ,False,5.206557035446167,,,"Cannot identify P{yhjJ} | do{adiY, glaR})). District frozenset({ihfA, fis, rcsA, cspA, bolA, lrhA, gadX, ompR, ihfB, csgD, rpoE, argR, fliA, slyA, mqsA, sdiA, rpoH, cra, glnG, torR, rstA, rpoS, rcsB, gadW, rpoD, rutR, nac, hns, lrp, bglJ, sutR, evgA, ydiP, rpsA, lexA, flhD, cytR, yjjQ, matA, rpoN, flhC, soxR, dnaA, stpA, leuO, gadE, deaD, oxyR, lldR, fliZ, csrA, qseB, fnr, argP, fur, soxS, phoP, ydeO, dksA, arcA, crp, acrR, zraR, mlrA, phoB, hdfR, cpxR}) failed identification."
2,52,argR,rstA,"argR, rstA",marR,False,11.60337519645691,,,"Cannot identify P{marR} | do{argR, rstA})). District frozenset({fis, ihfA, rcsA, cspA, bolA, lrhA, gadX, ompR, ihfB, csgD, rpoE, fliA, slyA, mqsA, sdiA, rpoH, cra, glnG, torR, rpoS, rcsB, gadW, rpoD, rutR, hns, nac, bglJ, lrp, sutR, evgA, ydiP, rpsA, lexA, flhD, cytR, yjjQ, adiY, matA, rpoN, flhC, soxR, dnaA, stpA, leuO, gadE, deaD, oxyR, lldR, fliZ, csrA, qseB, fnr, argP, fur, soxS, phoP, ydeO, dksA, crp, acrR, arcA, zraR, mlrA, phoB, hdfR, cpxR}) failed identification."
2,53,rstA,acrR,"rstA, acrR",garR,False,29.310272932052612,,,"Cannot identify P{garR} | do{acrR, rstA})). District frozenset({fis, ihfA, rcsA, cspA, bolA, lrhA, gadX, ompR, ihfB, csgD, rpoE, argR, fliA, slyA, mqsA, sdiA, rpoH, cra, glnG, torR, rpoS, rcsB, gadW, rpoD, rutR, hns, nac, bglJ, lrp, sutR, evgA, ydiP, rpsA, lexA, flhD, cytR, yjjQ, adiY, matA, rpoN, flhC, soxR, dnaA, stpA, leuO, gadE, deaD, oxyR, lldR, fliZ, csrA, qseB, fnr, argP, fur, soxS, phoP, ydeO, dksA, crp, arcA, zraR, mlrA, phoB, hdfR, cpxR}) failed identification."
2,54,rpoS,qseB,"rpoS, qseB",ybjP,False,35.249091148376465,,,"Cannot identify P{ybjP} | do{rpoS, qseB})). District frozenset({ihfA, fis, rcsA, cspA, lrhA, bolA, gadX, ompR, ihfB, csgD, rpoE, argR, fliA, slyA, mqsA, sdiA, rpoH, cra, glnG, torR, rstA, rcsB, gadW, rpoD, rutR, nac, hns, lrp, bglJ, sutR, evgA, ydiP, rpsA, lexA, flhD, cytR, yjjQ, adiY, matA, rpoN, flhC, soxR, dnaA, stpA, leuO, gadE, deaD, oxyR, lldR, fliZ, csrA, fnr, argP, fur, soxS, phoP, ydeO, dksA, arcA, crp, acrR, zraR, mlrA, phoB, hdfR, cpxR}) failed identification."
2,55,leuO,argP,"leuO, argP",ydfZ,False,14.497131824493408,,,"Cannot identify P{ydfZ} | do{leuO, argP})). District frozenset({flhD, ihfA, fis, rcsA, cytR, cspA, yjjQ, bolA, lrhA, gadX, matA, ompR, ihfB, adiY, rpoN, csgD, rpoE, argR, flhC, soxR, dnaA, fliA, mqsA, sdiA, rpoH, gadE, deaD, oxyR, cra, lldR, fliZ, glnG, torR, rstA, csrA, rpoS, qseB, fnr, rcsB, gadW, rpoD, rutR, fur, soxS, phoP, nac, hns, lrp, ydeO, dksA, sutR, arcA, crp, acrR, zraR, evgA, mlrA, phoB, rpsA, hdfR, lexA, ydiP, cpxR}) failed identification."
2,56,nemR,crp,"nemR, crp",gloA,False,23.608722686767578,,,"Cannot identify P{gloA} | do{nemR, crp})). District frozenset({ihfA, fis, rcsA, cspA, bolA, lrhA, gadX, ompR, ihfB, csgD, rpoE, argR, fliA, slyA, mqsA, sdiA, rpoH, cra, glnG, torR, rstA, rpoS, rcsB, gadW, rpoD, rutR, nac, hns, lrp, bglJ, sutR, evgA, ydiP, rpsA, lexA, flhD, cytR, yjjQ, adiY, matA, rpoN, flhC, soxR, dnaA, stpA, leuO, gadE, deaD, oxyR, lldR, fliZ, csrA, qseB, fnr, argP, fur, soxS, phoP, ydeO, dksA, arcA, acrR, zraR, mlrA, phoB, hdfR, cpxR}) failed identification."
2,57,deaD,csrA,"deaD, csrA",ydiB,False,32.29332113265991,,,"Cannot identify P{ydiB} | do{deaD, csrA})). District frozenset({ihfA, fis, rcsA, cspA, bolA, lrhA, gadX, ompR, ihfB, csgD, rpoE, argR, fliA, slyA, mqsA, sdiA, rpoH, cra, glnG, torR, rstA, rpoS, rcsB, gadW, rpoD, rutR, nac, hns, lrp, bglJ, sutR, evgA, ydiP, rpsA, lexA, flhD, cytR, yjjQ, adiY, matA, rpoN, flhC, soxR, dnaA, stpA, leuO, gadE, oxyR, lldR, fliZ, qseB, fnr, argP, fur, soxS, phoP, ydeO, dksA, arcA, crp, acrR, zraR, mlrA, phoB, hdfR, cpxR}) failed identification."
2,58,flhD,fur,"flhD, fur",ykgE,False,24.091076135635376,,,"Cannot identify P{ykgE} | do{flhD, fur})). District frozenset({hdfR, fis, ihfA, rcsA, cytR, cspA, yjjQ, bolA, lrhA, gadX, adiY, ompR, ihfB, matA, rpoN, csgD, rpoE, argR, flhC, dnaA, fliA, slyA, mqsA, sdiA, rpoH, stpA, leuO, gadE, deaD, cra, lldR, glnG, fliZ, torR, rstA, csrA, rpoS, qseB, fnr, rcsB, gadW, rpoD, rutR, argP, phoP, hns, nac, bglJ, lrp, ydeO, dksA, sutR, crp, acrR, arcA, zraR, mlrA, evgA, phoB, rpsA, ydiP, lexA, cpxR}) failed identification."
2,59,ihfA,evgA,"ihfA, evgA",gspM,False,21.591307401657104,,,"Cannot identify P{gspM} | do{ihfA, evgA})). District frozenset({fis, rcsA, cspA, bolA, lrhA, gadX, ompR, ihfB, csgD, rpoE, argR, fliA, slyA, mqsA, sdiA, rpoH, cra, glnG, torR, rstA, rpoS, rcsB, gadW, rpoD, rutR, hns, nac, bglJ, lrp, sutR, ydiP, rpsA, lexA, flhD, cytR, yjjQ, adiY, matA, rpoN, flhC, soxR, dnaA, stpA, leuO, gadE, deaD, oxyR, lldR, fliZ, csrA, qseB, fnr, argP, fur, soxS, phoP, ydeO, dksA, crp, acrR, arcA, zraR, mlrA, phoB, hdfR, cpxR}) failed identification."
2,60,fliA,cra,"fliA, cra",alsR,False,36.45223808288574,,,"Cannot identify P{alsR} | do{cra, fliA})). District frozenset({ihfA, fis, rcsA, cspA, bolA, lrhA, gadX, ompR, ihfB, csgD, rpoE, argR, slyA, mqsA, sdiA, rpoH, glnG, torR, rstA, rpoS, rcsB, gadW, rpoD, rutR, nac, hns, bglJ, lrp, sutR, evgA, ydiP, rpsA, lexA, flhD, cytR, yjjQ, adiY, matA, rpoN, flhC, soxR, dnaA, stpA, leuO, gadE, deaD, oxyR, lldR, fliZ, csrA, qseB, fnr, argP, fur, soxS, phoP, ydeO, dksA, arcA, crp, acrR, zraR, mlrA, phoB, hdfR, cpxR}) failed identification."
2,61,glaR,arcA,"glaR, arcA",lrp,False,15.733797788619995,,,"Cannot identify P{lrp} | do{arcA, glaR})). District frozenset({fis, ihfA, rcsA, cspA, bolA, lrhA, gadX, ompR, ihfB, csgD, rpoE, argR, fliA, slyA, mqsA, sdiA, rpoH, cra, glnG, torR, rstA, rpoS, rcsB, gadW, rpoD, rutR, hns, nac, bglJ, lrp, sutR, evgA, ydiP, rpsA, lexA, flhD, cytR, yjjQ, adiY, matA, rpoN, flhC, soxR, dnaA, stpA, leuO, gadE, deaD, oxyR, lldR, fliZ, csrA, qseB, fnr, argP, fur, soxS, phoP, ydeO, dksA, crp, acrR, zraR, mlrA, phoB, hdfR, cpxR}) failed identification."
2,62,yjjQ,nsrR,"yjjQ, nsrR",rluE,False,28.698115348815918,,,"Cannot identify P{rluE} | do{yjjQ, nsrR})). District frozenset({flhD, ihfA, fis, rcsA, cytR, cspA, bolA, lrhA, gadX, matA, ompR, ihfB, adiY, rpoN, csgD, rpoE, argR, flhC, soxR, dnaA, fliA, mqsA, sdiA, rpoH, gadE, deaD, oxyR, cra, lldR, fliZ, glnG, torR, rstA, csrA, rpoS, qseB, fnr, rcsB, gadW, rpoD, rutR, fur, soxS, phoP, nac, hns, lrp, argP, ydeO, dksA, sutR, arcA, crp, acrR, zraR, evgA, mlrA, phoB, rpsA, hdfR, lexA, ydiP, cpxR}) failed identification."
2,63,glrR,rpoD,"glrR, rpoD",malE,False,41.73915934562683,,,"Cannot identify P{malE} | do{rpoD, glrR})). District frozenset({torR}) failed identification."
2,64,dnaA,zraR,"dnaA, zraR",ynfG,False,49.65338611602783,,,"Cannot identify P{ynfG} | do{dnaA, zraR})). District frozenset({ihfA, fis, rcsA, cspA, bolA, lrhA, gadX, ompR, ihfB, csgD, rpoE, argR, fliA, slyA, mqsA, sdiA, rpoH, cra, glnG, torR, rstA, rpoS, rcsB, gadW, rpoD, rutR, nac, hns, lrp, bglJ, sutR, evgA, ydiP, rpsA, lexA, flhD, cytR, yjjQ, adiY, matA, rpoN, flhC, soxR, stpA, leuO, gadE, deaD, oxyR, lldR, fliZ, csrA, qseB, fnr, fur, soxS, phoP, ydeO, dksA, arcA, crp, acrR, mlrA, phoB, hdfR, cpxR}) failed identification."
2,65,leuO,zraR,"leuO, zraR",pinQ,False,19.121227502822876,,,"Cannot identify P{pinQ} | do{leuO, zraR})). District frozenset({flhD, ihfA, fis, rcsA, cytR, cspA, yjjQ, bolA, lrhA, gadX, matA, ompR, ihfB, adiY, rpoN, csgD, rpoE, argR, flhC, soxR, dnaA, fliA, mqsA, sdiA, rpoH, gadE, deaD, oxyR, cra, lldR, fliZ, glnG, torR, rstA, csrA, rpoS, qseB, fnr, rcsB, gadW, rpoD, rutR, fur, soxS, phoP, nac, hns, lrp, argP, ydeO, dksA, sutR, arcA, crp, acrR, evgA, mlrA, phoB, rpsA, hdfR, lexA, ydiP, cpxR}) failed identification."
2,66,cra,soxS,"cra, soxS",fecR,False,14.27924394607544,,,"Cannot identify P{fecR} | do{cra, soxS})). District frozenset({fis, ihfA, rcsA, cspA, bolA, lrhA, gadX, ompR, ihfB, csgD, rpoE, argR, fliA, slyA, mqsA, sdiA, rpoH, glnG, torR, rstA, rpoS, rcsB, gadW, rpoD, rutR, hns, nac, bglJ, lrp, sutR, evgA, ydiP, rpsA, lexA, flhD, cytR, yjjQ, adiY, matA, rpoN, flhC, dnaA, stpA, leuO, gadE, deaD, oxyR, lldR, fliZ, csrA, qseB, fnr, argP, fur, phoP, ydeO, dksA, crp, acrR, arcA, zraR, mlrA, phoB, hdfR, cpxR}) failed identification."
2,67,rpoN,lldR,"rpoN, lldR",entA,False,18.795021772384644,,,"Cannot identify P{entA} | do{lldR, rpoN})). District frozenset({fis, ihfA, rcsA, cspA, bolA, lrhA, gadX, ompR, ihfB, csgD, rpoE, argR, fliA, slyA, mqsA, sdiA, rpoH, cra, glnG, torR, rstA, rpoS, rcsB, gadW, rpoD, rutR, hns, nac, bglJ, lrp, sutR, evgA, ydiP, rpsA, lexA, flhD, cytR, yjjQ, adiY, matA, flhC, soxR, dnaA, stpA, leuO, gadE, deaD, oxyR, fliZ, csrA, qseB, fnr, argP, fur, soxS, phoP, ydeO, dksA, crp, acrR, arcA, zraR, mlrA, phoB, hdfR, cpxR}) failed identification."
2,68,mqsA,lldR,"mqsA, lldR",yjjQ,False,24.09470295906067,,,"Cannot identify P{yjjQ} | do{mqsA, lldR})). District frozenset({fis, ihfA, rcsA, cspA, bolA, lrhA, gadX, ompR, ihfB, csgD, rpoE, argR, fliA, slyA, sdiA, rpoH, cra, glnG, torR, rstA, rpoS, rcsB, gadW, rpoD, rutR, hns, nac, bglJ, lrp, sutR, evgA, ydiP, rpsA, lexA, flhD, cytR, yjjQ, adiY, matA, rpoN, flhC, soxR, dnaA, stpA, leuO, gadE, deaD, oxyR, fliZ, csrA, qseB, fnr, argP, fur, soxS, phoP, ydeO, dksA, crp, acrR, arcA, zraR, mlrA, phoB, hdfR, cpxR}) failed identification."
2,69,glnG,gadE,"glnG, gadE",citD,False,17.32713556289673,,,"Cannot identify P{citD} | do{gadE, glnG})). District frozenset({ihfA, fis, cytR, cspA, gadX, adiY, ompR, ihfB, rpoN, rpoE, argR, soxR, dnaA, mqsA, sdiA, rpoH, deaD, oxyR, cra, lldR, torR, csrA, rpoS, qseB, fnr, rcsB, gadW, rpoD, rutR, fur, soxS, phoP, nac, hns, lrp, argP, ydeO, dksA, arcA, crp, acrR, zraR, evgA, ydiP, phoB, rpsA, lexA, cpxR}) failed identification."
2,70,csgD,evgA,"csgD, evgA",ygbA,False,21.014177322387695,,,"Cannot identify P{ygbA} | do{csgD, evgA})). District frozenset({flhD, argP, ihfA, fis, rcsA, cytR, cspA, yjjQ, lrhA, gadX, matA, ompR, ihfB, adiY, rpoN, rpoE, argR, flhC, soxR, dnaA, fliA, slyA, mqsA, sdiA, rpoH, stpA, leuO, gadE, deaD, oxyR, cra, lldR, fliZ, glnG, torR, csrA, rpoS, qseB, fnr, rcsB, gadW, rpoD, rutR, fur, soxS, phoP, nac, hns, lrp, bglJ, ydeO, dksA, sutR, arcA, crp, acrR, zraR, ydiP, phoB, rpsA, hdfR, lexA, cpxR}) failed identification."
2,71,yjjQ,soxS,"yjjQ, soxS",rbsD,False,18.310063362121582,,,"Cannot identify P{rbsD} | do{yjjQ, soxS})). District frozenset({flhD, hdfR, fis, ihfA, rcsA, cytR, cspA, bolA, lrhA, gadX, adiY, ompR, ihfB, matA, rpoN, csgD, rpoE, argR, flhC, dnaA, fliA, mqsA, sdiA, rpoH, gadE, deaD, oxyR, cra, lldR, glnG, fliZ, torR, rstA, csrA, rpoS, qseB, fnr, rcsB, gadW, rpoD, rutR, fur, argP, phoP, hns, nac, lrp, ydeO, dksA, sutR, crp, acrR, arcA, zraR, mlrA, evgA, phoB, rpsA, ydiP, lexA, cpxR}) failed identification."
2,72,rpoS,ydiP,"rpoS, ydiP",aer,False,24.125120401382446,,,"Cannot identify P{aer} | do{rpoS, ydiP})). District frozenset({ihfA, fis, rcsA, cspA, lrhA, bolA, gadX, ompR, ihfB, csgD, rpoE, argR, fliA, slyA, mqsA, sdiA, rpoH, cra, glnG, torR, rstA, rcsB, gadW, rpoD, rutR, nac, hns, lrp, bglJ, sutR, evgA, rpsA, lexA, flhD, cytR, yjjQ, adiY, matA, rpoN, flhC, soxR, dnaA, stpA, leuO, gadE, deaD, oxyR, lldR, fliZ, csrA, qseB, fnr, argP, fur, soxS, phoP, ydeO, dksA, arcA, crp, acrR, zraR, mlrA, phoB, hdfR, cpxR}) failed identification."
2,73,rcsA,mlrA,"rcsA, mlrA",yicJ,False,17.81189203262329,,,"Cannot identify P{yicJ} | do{rcsA, mlrA})). District frozenset({ihfA, fis, cspA, bolA, lrhA, gadX, ompR, ihfB, csgD, rpoE, argR, fliA, slyA, mqsA, sdiA, rpoH, cra, glnG, torR, rstA, rpoS, rcsB, gadW, rpoD, rutR, nac, hns, lrp, bglJ, sutR, evgA, ydiP, rpsA, lexA, flhD, cytR, yjjQ, adiY, matA, rpoN, flhC, soxR, dnaA, stpA, leuO, gadE, deaD, oxyR, lldR, fliZ, csrA, qseB, fnr, argP, fur, soxS, phoP, ydeO, dksA, arcA, crp, acrR, zraR, phoB, hdfR, cpxR}) failed identification."
2,74,gadX,lexA,"gadX, lexA",dksA,False,14.363118171691895,,,"Cannot identify P{dksA} | do{gadX, lexA})). District frozenset({fis, ihfA, rcsA, cspA, bolA, lrhA, ompR, ihfB, csgD, rpoE, argR, fliA, slyA, mqsA, sdiA, rpoH, cra, glnG, torR, rstA, rpoS, rcsB, gadW, rpoD, rutR, hns, nac, bglJ, lrp, sutR, evgA, ydiP, rpsA, flhD, cytR, yjjQ, matA, rpoN, flhC, soxR, dnaA, stpA, leuO, gadE, deaD, oxyR, lldR, fliZ, csrA, qseB, fnr, argP, fur, soxS, phoP, ydeO, dksA, crp, acrR, arcA, zraR, mlrA, phoB, hdfR, cpxR}) failed identification."
2,75,ihfB,fur,"ihfB, fur",betB,False,21.16205620765686,,,"Cannot identify P{betB} | do{ihfB, fur})). District frozenset({flhD, ihfA, fis, rcsA, cytR, cspA, yjjQ, bolA, lrhA, gadX, matA, ompR, adiY, rpoN, csgD, rpoE, argR, flhC, dnaA, fliA, slyA, mqsA, sdiA, rpoH, stpA, leuO, gadE, deaD, cra, lldR, fliZ, glnG, torR, rstA, csrA, rpoS, qseB, fnr, rcsB, gadW, rpoD, rutR, phoP, argP, nac, hns, lrp, bglJ, ydeO, dksA, sutR, arcA, crp, acrR, zraR, evgA, mlrA, phoB, rpsA, hdfR, lexA, ydiP, cpxR}) failed identification."
2,76,cytR,ydiP,"cytR, ydiP",slyA,False,30.292386293411255,,,"Cannot identify P{slyA} | do{cytR, ydiP})). District frozenset({fis, ihfA, rcsA, cspA, bolA, lrhA, gadX, ompR, ihfB, csgD, rpoE, argR, fliA, slyA, mqsA, sdiA, rpoH, cra, glnG, torR, rstA, rpoS, rcsB, gadW, rpoD, rutR, hns, nac, bglJ, lrp, sutR, evgA, rpsA, lexA, flhD, yjjQ, adiY, matA, rpoN, flhC, soxR, dnaA, stpA, leuO, gadE, deaD, oxyR, lldR, fliZ, csrA, qseB, fnr, argP, fur, soxS, phoP, ydeO, dksA, crp, acrR, arcA, zraR, mlrA, phoB, hdfR, cpxR}) failed identification."
2,77,basR,arcA,"basR, arcA",pyrD,False,12.016777753829956,,,"Cannot identify P{pyrD} | do{arcA, basR})). District frozenset({fis, ihfA, rcsA, cspA, bolA, lrhA, gadX, ompR, ihfB, csgD, rpoE, argR, fliA, slyA, mqsA, sdiA, rpoH, cra, glnG, torR, rstA, rpoS, rcsB, gadW, rpoD, rutR, hns, nac, bglJ, lrp, sutR, evgA, ydiP, rpsA, lexA, flhD, cytR, yjjQ, adiY, matA, rpoN, flhC, soxR, dnaA, stpA, leuO, gadE, deaD, oxyR, lldR, fliZ, csrA, qseB, fnr, argP, fur, soxS, phoP, ydeO, dksA, crp, acrR, zraR, mlrA, phoB, hdfR, cpxR}) failed identification."
2,78,sutR,phoB,"sutR, phoB",rhaB,False,17.97280240058899,,,"Cannot identify P{rhaB} | do{sutR, phoB})). District frozenset({argP}) failed identification."
2,79,flhD,argP,"flhD, argP",bglH,False,11.216205358505249,,,"Cannot identify P{bglH} | do{flhD, argP})). District frozenset({ihfA, fis, rcsA, cspA, bolA, lrhA, gadX, ompR, ihfB, csgD, rpoE, argR, fliA, slyA, mqsA, sdiA, rpoH, cra, glnG, torR, rstA, rpoS, rcsB, gadW, rpoD, rutR, nac, hns, lrp, bglJ, sutR, evgA, ydiP, rpsA, lexA, cytR, yjjQ, adiY, matA, rpoN, flhC, soxR, dnaA, stpA, leuO, gadE, deaD, oxyR, lldR, fliZ, csrA, qseB, fnr, fur, soxS, phoP, ydeO, dksA, arcA, crp, acrR, zraR, mlrA, phoB, hdfR, cpxR}) failed identification."
2,80,ihfA,matA,"ihfA, matA",ftnA,False,28.079561948776245,,,"Cannot identify P{ftnA} | do{ihfA, matA})). District frozenset({fis, rcsA, cspA, bolA, lrhA, gadX, ompR, ihfB, csgD, rpoE, argR, fliA, slyA, mqsA, sdiA, rpoH, cra, glnG, torR, rstA, rpoS, rcsB, gadW, rpoD, rutR, hns, nac, bglJ, lrp, sutR, evgA, ydiP, rpsA, lexA, flhD, cytR, yjjQ, adiY, rpoN, flhC, soxR, dnaA, stpA, leuO, gadE, deaD, oxyR, lldR, fliZ, csrA, qseB, fnr, argP, fur, soxS, phoP, ydeO, dksA, crp, acrR, arcA, zraR, mlrA, phoB, hdfR, cpxR}) failed identification."
2,81,bolA,leuO,"bolA, leuO",ybjG,False,4.693289756774902,,,"Cannot identify P{ybjG} | do{leuO, bolA})). District frozenset({flhD, ihfA, fis, rcsA, cytR, cspA, yjjQ, lrhA, gadX, matA, ompR, ihfB, adiY, rpoN, csgD, rpoE, argR, flhC, soxR, dnaA, fliA, mqsA, sdiA, rpoH, gadE, deaD, oxyR, cra, lldR, fliZ, glnG, torR, rstA, csrA, rpoS, qseB, fnr, rcsB, gadW, rpoD, rutR, fur, soxS, phoP, nac, hns, lrp, argP, ydeO, dksA, sutR, arcA, crp, acrR, zraR, evgA, mlrA, phoB, rpsA, hdfR, lexA, ydiP, cpxR}) failed identification."
2,82,dksA,phoP,"dksA, phoP",metI,False,21.370789527893066,,,"Cannot identify P{metI} | do{phoP, dksA})). District frozenset({ihfA, fis, rcsA, cspA, bolA, lrhA, gadX, ompR, ihfB, csgD, rpoE, argR, fliA, slyA, mqsA, sdiA, rpoH, cra, glnG, torR, rstA, rpoS, rcsB, gadW, rpoD, rutR, nac, hns, lrp, bglJ, sutR, evgA, ydiP, rpsA, lexA, flhD, cytR, yjjQ, adiY, matA, rpoN, flhC, soxR, dnaA, stpA, leuO, gadE, deaD, oxyR, lldR, fliZ, csrA, qseB, fnr, argP, fur, soxS, ydeO, arcA, crp, acrR, zraR, mlrA, phoB, hdfR, cpxR}) failed identification."
2,83,rstA,leuO,"rstA, leuO",ygeA,False,18.301270246505737,,,"Cannot identify P{ygeA} | do{leuO, rstA})). District frozenset({flhD, hdfR, fis, ihfA, rcsA, cytR, cspA, yjjQ, bolA, lrhA, gadX, adiY, ompR, ihfB, matA, rpoN, csgD, rpoE, argR, flhC, soxR, dnaA, fliA, mqsA, sdiA, rpoH, gadE, deaD, oxyR, cra, lldR, glnG, fliZ, torR, csrA, rpoS, qseB, fnr, rcsB, gadW, rpoD, rutR, fur, soxS, argP, hns, nac, lrp, phoP, ydeO, dksA, sutR, crp, acrR, arcA, zraR, mlrA, evgA, phoB, rpsA, ydiP, lexA, cpxR}) failed identification."
2,84,soxR,rpoS,"soxR, rpoS",symE,False,14.441610336303711,,,"Cannot identify P{symE} | do{rpoS, soxR})). District frozenset({ihfA, fis, rcsA, cspA, lrhA, bolA, gadX, ompR, ihfB, csgD, rpoE, argR, fliA, slyA, mqsA, sdiA, rpoH, cra, glnG, torR, rstA, rcsB, gadW, rpoD, rutR, nac, hns, lrp, bglJ, sutR, evgA, ydiP, rpsA, lexA, flhD, cytR, yjjQ, adiY, matA, rpoN, flhC, dnaA, stpA, leuO, gadE, deaD, oxyR, lldR, fliZ, csrA, qseB, fnr, argP, fur, soxS, phoP, ydeO, dksA, arcA, crp, acrR, zraR, mlrA, phoB, hdfR, cpxR}) failed identification."
2,85,rcsB,btsR,"rcsB, btsR",rof,False,13.431055545806885,,,"Cannot identify P{rof} | do{btsR, rcsB})). District frozenset({fis, ihfA, rcsA, cspA, bolA, lrhA, gadX, ompR, ihfB, csgD, rpoE, argR, fliA, slyA, mqsA, sdiA, rpoH, cra, glnG, torR, rstA, rpoS, gadW, rpoD, rutR, hns, nac, bglJ, lrp, sutR, evgA, ydiP, rpsA, lexA, flhD, cytR, yjjQ, adiY, matA, rpoN, flhC, soxR, dnaA, stpA, leuO, gadE, deaD, oxyR, lldR, fliZ, csrA, qseB, fnr, argP, fur, soxS, phoP, ydeO, dksA, crp, acrR, arcA, zraR, mlrA, phoB, hdfR, cpxR}) failed identification."
2,86,rpoN,basR,"rpoN, basR",cutA,False,20.68707776069641,,,"Cannot identify P{cutA} | do{basR, rpoN})). District frozenset({ihfA, fis, rcsA, cspA, bolA, lrhA, gadX, ompR, ihfB, csgD, rpoE, argR, fliA, slyA, mqsA, sdiA, rpoH, cra, glnG, torR, rstA, rpoS, rcsB, gadW, rpoD, rutR, nac, hns, lrp, bglJ, sutR, evgA, ydiP, rpsA, lexA, flhD, cytR, yjjQ, adiY, matA, flhC, soxR, dnaA, stpA, leuO, gadE, deaD, oxyR, lldR, fliZ, csrA, qseB, fnr, argP, fur, soxS, phoP, ydeO, dksA, arcA, crp, acrR, zraR, mlrA, phoB, hdfR, cpxR}) failed identification."
2,87,flhD,mlrA,"flhD, mlrA",eutH,False,31.397165536880493,,,"Cannot identify P{eutH} | do{flhD, mlrA})). District frozenset({ihfA, fis, rcsA, cspA, bolA, lrhA, gadX, ompR, ihfB, csgD, rpoE, argR, fliA, slyA, mqsA, sdiA, rpoH, cra, glnG, torR, rstA, rpoS, rcsB, gadW, rpoD, rutR, nac, hns, lrp, bglJ, sutR, evgA, ydiP, rpsA, lexA, cytR, yjjQ, adiY, matA, rpoN, flhC, soxR, dnaA, stpA, leuO, gadE, deaD, oxyR, lldR, fliZ, csrA, qseB, fnr, argP, fur, soxS, phoP, ydeO, dksA, arcA, crp, acrR, zraR, phoB, hdfR, cpxR}) failed identification."
2,88,dnaA,soxS,"dnaA, soxS",lapB,False,19.011624574661255,,,"Cannot identify P{lapB} | do{dnaA, soxS})). District frozenset({ihfA, fis, rcsA, cspA, bolA, lrhA, gadX, ompR, ihfB, csgD, rpoE, argR, fliA, slyA, mqsA, sdiA, rpoH, cra, glnG, torR, rstA, rpoS, rcsB, gadW, rpoD, rutR, nac, hns, lrp, bglJ, sutR, evgA, ydiP, rpsA, lexA, flhD, cytR, yjjQ, adiY, matA, rpoN, flhC, stpA, leuO, gadE, deaD, oxyR, lldR, fliZ, csrA, qseB, fnr, fur, phoP, ydeO, dksA, arcA, crp, acrR, zraR, mlrA, phoB, hdfR, cpxR}) failed identification."
2,89,glaR,phoP,"glaR, phoP",motB,False,4.630238056182861,,,"Cannot identify P{motB} | do{phoP, glaR})). District frozenset({ihfA, fis, rcsA, cspA, bolA, lrhA, gadX, ompR, ihfB, csgD, rpoE, argR, fliA, slyA, mqsA, sdiA, rpoH, cra, glnG, torR, rstA, rpoS, rcsB, gadW, rpoD, rutR, nac, hns, lrp, bglJ, sutR, evgA, ydiP, rpsA, lexA, flhD, cytR, yjjQ, adiY, matA, rpoN, flhC, soxR, dnaA, stpA, leuO, gadE, deaD, oxyR, lldR, fliZ, csrA, qseB, fnr, argP, fur, soxS, ydeO, dksA, arcA, crp, acrR, zraR, mlrA, phoB, hdfR, cpxR}) failed identification."
2,90,csgD,flhC,"csgD, flhC",yfaP,False,20.78432583808899,,,"Cannot identify P{yfaP} | do{csgD, flhC})). District frozenset({flhD, fis, ihfA, rcsA, cytR, cspA, yjjQ, lrhA, gadX, adiY, ompR, ihfB, matA, rpoN, rpoE, argR, soxR, dnaA, fliA, slyA, mqsA, sdiA, rpoH, stpA, leuO, gadE, deaD, oxyR, cra, lldR, glnG, fliZ, torR, csrA, rpoS, qseB, fnr, rcsB, gadW, rpoD, rutR, fur, soxS, argP, hns, nac, bglJ, lrp, ydeO, dksA, phoP, sutR, crp, acrR, arcA, zraR, evgA, ydiP, phoB, rpsA, hdfR, lexA, cpxR}) failed identification."
2,91,torR,soxR,"torR, soxR",yqhD,False,33.18825626373291,,,"Cannot identify P{yqhD} | do{torR, soxR})). District frozenset({ihfA, fis, rcsA, cspA, bolA, lrhA, gadX, ompR, ihfB, csgD, rpoE, argR, fliA, slyA, mqsA, sdiA, rpoH, cra, glnG, rstA, rpoS, rcsB, gadW, rpoD, rutR, nac, hns, lrp, bglJ, sutR, evgA, ydiP, rpsA, lexA, flhD, cytR, yjjQ, adiY, matA, rpoN, flhC, dnaA, stpA, leuO, gadE, deaD, oxyR, lldR, fliZ, csrA, qseB, fnr, argP, fur, soxS, phoP, ydeO, dksA, arcA, crp, acrR, zraR, mlrA, phoB, hdfR, cpxR}) failed identification."
2,92,mqsA,acrR,"mqsA, acrR",prfB,False,16.12490940093994,,,"Cannot identify P{prfB} | do{mqsA, acrR})). District frozenset({ihfA, fis, rcsA, cspA, bolA, lrhA, gadX, ompR, ihfB, csgD, rpoE, argR, fliA, slyA, sdiA, rpoH, cra, glnG, torR, rstA, rpoS, rcsB, gadW, rpoD, rutR, nac, hns, lrp, bglJ, sutR, evgA, ydiP, rpsA, lexA, flhD, cytR, yjjQ, adiY, matA, rpoN, flhC, soxR, dnaA, stpA, leuO, gadE, deaD, oxyR, lldR, fliZ, csrA, qseB, fnr, argP, fur, soxS, phoP, ydeO, dksA, arcA, crp, zraR, mlrA, phoB, hdfR, cpxR}) failed identification."
2,93,leuO,qseB,"leuO, qseB",leuZ,False,4.512964963912964,,,"Cannot identify P{leuZ} | do{leuO, qseB})). District frozenset({flhD, ihfA, fis, rcsA, cytR, cspA, yjjQ, bolA, lrhA, gadX, matA, ompR, ihfB, adiY, rpoN, csgD, rpoE, argR, flhC, soxR, dnaA, fliA, mqsA, sdiA, rpoH, gadE, deaD, oxyR, cra, lldR, fliZ, glnG, torR, rstA, csrA, rpoS, fnr, rcsB, gadW, rpoD, rutR, fur, soxS, phoP, nac, hns, lrp, argP, ydeO, dksA, sutR, arcA, crp, acrR, zraR, evgA, mlrA, phoB, rpsA, hdfR, lexA, ydiP, cpxR}) failed identification."
2,94,basR,fliZ,"basR, fliZ",ygiM,False,11.132333755493164,,,"Cannot identify P{ygiM} | do{fliZ, basR})). District frozenset({ihfA, fis, cytR, cspA, gadX, adiY, ompR, ihfB, rpoN, rpoE, argR, soxR, dnaA, mqsA, sdiA, rpoH, gadE, deaD, oxyR, cra, lldR, glnG, torR, csrA, rpoS, qseB, fnr, rcsB, gadW, rpoD, rutR, fur, soxS, phoP, nac, hns, lrp, argP, ydeO, dksA, arcA, crp, acrR, zraR, evgA, ydiP, phoB, rpsA, lexA, cpxR}) failed identification."
2,95,rcsB,glaR,"rcsB, glaR",mcbA,False,10.996084690093994,,,"Cannot identify P{mcbA} | do{glaR, rcsB})). District frozenset({ihfA, fis, rcsA, cspA, bolA, lrhA, gadX, ompR, ihfB, csgD, rpoE, argR, fliA, slyA, mqsA, sdiA, rpoH, cra, glnG, torR, rstA, rpoS, gadW, rpoD, rutR, nac, hns, lrp, bglJ, sutR, evgA, ydiP, rpsA, lexA, flhD, cytR, yjjQ, adiY, matA, rpoN, flhC, soxR, dnaA, stpA, leuO, gadE, deaD, oxyR, lldR, fliZ, csrA, qseB, fnr, argP, fur, soxS, phoP, ydeO, dksA, arcA, crp, acrR, zraR, mlrA, phoB, hdfR, cpxR}) failed identification."
2,96,lldR,torR,"lldR, torR",argW,False,53.387234926223755,,,"Cannot identify P{argW} | do{torR, lldR})). District frozenset({fis, ihfA, rcsA, cspA, bolA, lrhA, gadX, ompR, ihfB, csgD, rpoE, argR, fliA, slyA, mqsA, sdiA, rpoH, cra, glnG, rstA, rpoS, rcsB, gadW, rpoD, rutR, hns, nac, bglJ, lrp, sutR, evgA, ydiP, rpsA, lexA, flhD, cytR, yjjQ, adiY, matA, rpoN, flhC, soxR, dnaA, stpA, leuO, gadE, deaD, oxyR, fliZ, csrA, qseB, fnr, argP, fur, soxS, phoP, ydeO, dksA, crp, acrR, arcA, zraR, mlrA, phoB, hdfR, cpxR}) failed identification."
2,97,argR,glaR,"argR, glaR",caiE,False,27.432424783706665,,,"Cannot identify P{caiE} | do{glaR, argR})). District frozenset({ihfA, fis, rcsA, cspA, bolA, lrhA, gadX, ompR, ihfB, csgD, rpoE, fliA, slyA, mqsA, sdiA, rpoH, cra, glnG, torR, rstA, rpoS, rcsB, gadW, rpoD, rutR, nac, hns, lrp, bglJ, sutR, evgA, ydiP, rpsA, lexA, flhD, cytR, yjjQ, adiY, matA, rpoN, flhC, soxR, dnaA, stpA, leuO, gadE, deaD, oxyR, lldR, fliZ, csrA, qseB, fnr, argP, fur, soxS, phoP, ydeO, dksA, arcA, crp, acrR, zraR, mlrA, phoB, hdfR, cpxR}) failed identification."
2,98,basR,rpsA,"basR, rpsA",shoB,False,33.95777416229248,,,"Cannot identify P{shoB} | do{rpsA, basR})). District frozenset({ihfA, fis, rcsA, cspA, bolA, lrhA, gadX, ompR, ihfB, csgD, rpoE, argR, fliA, slyA, mqsA, sdiA, rpoH, cra, glnG, torR, rstA, rpoS, rcsB, gadW, rpoD, rutR, nac, hns, lrp, bglJ, sutR, evgA, ydiP, lexA, flhD, cytR, yjjQ, adiY, matA, rpoN, flhC, soxR, dnaA, stpA, leuO, gadE, deaD, oxyR, lldR, fliZ, csrA, qseB, fnr, argP, fur, soxS, phoP, ydeO, dksA, arcA, crp, acrR, zraR, mlrA, phoB, hdfR, cpxR}) failed identification."
2,99,bolA,glaR,"bolA, glaR",agp,False,44.200921297073364,,,"Cannot identify P{agp} | do{glaR, bolA})). District frozenset({fis, ihfA, rcsA, cspA, lrhA, gadX, ompR, ihfB, csgD, rpoE, argR, fliA, slyA, mqsA, sdiA, rpoH, cra, glnG, torR, rstA, rpoS, rcsB, gadW, rpoD, rutR, hns, nac, bglJ, lrp, sutR, evgA, ydiP, rpsA, lexA, flhD, cytR, yjjQ, adiY, matA, rpoN, flhC, soxR, dnaA, stpA, leuO, gadE, deaD, oxyR, lldR, fliZ, csrA, qseB, fnr, argP, fur, soxS, phoP, ydeO, dksA, crp, acrR, arcA, zraR, mlrA, phoB, hdfR, cpxR}) failed identification."
2,100,adiY,acrR,"adiY, acrR",nlpD,False,20.814980268478394,,,"Cannot identify P{nlpD} | do{adiY, acrR})). District frozenset({ihfA, fis, rcsA, cspA, bolA, lrhA, gadX, ompR, ihfB, csgD, rpoE, argR, fliA, slyA, mqsA, sdiA, rpoH, cra, glnG, torR, rstA, rpoS, rcsB, gadW, rpoD, rutR, nac, hns, lrp, bglJ, sutR, evgA, ydiP, rpsA, lexA, flhD, cytR, yjjQ, matA, rpoN, flhC, soxR, dnaA, stpA, leuO, gadE, deaD, oxyR, lldR, fliZ, csrA, qseB, fnr, argP, fur, soxS, phoP, ydeO, dksA, arcA, crp, zraR, mlrA, phoB, hdfR, cpxR}) failed identification."
